Content Area,PVALUE,Biserial,A,B,C,ICC0,ICC1,ICC2,ICC3,ICC4,ICC5,ICC6,ICC7,ICC8,ICC9,ICC10,ICC11,ICC12,ICC13,ICC14,ICC15,ICC16,ICC17,ICC18,ICC19,ICC20,ICC21,ICC22,ICC23,ICC24,ICC25,ICC26,ICC27,ICC28,ICC29,ICC30,ICC31,ICC32,ICC33,ICC34,ICC35,ICC36,ICC37,ICC38,ICC39,ICC40,IIF0,IIF1,IIF2,IIF3,IIF4,IIF5,IIF6,IIF7,IIF8,IIF9,IIF10,IIF11,IIF12,IIF13,IIF14,IIF15,IIF16,IIF17,IIF18,IIF19,IIF20,IIF21,IIF22,IIF23,IIF24,IIF25,IIF26,IIF27,IIF28,IIF29,IIF30,IIF31,IIF32,IIF33,IIF34,IIF35,IIF36,IIF37,IIF38,IIF39,IIF40,
Algebraic Concepts,0.367,0.628,1.5864,0.7885,0.13342,0.1338893535,0.1340345416,0.1342245999,0.1344733657,0.1347989223,0.1352248867,0.1357820769,0.1365106637,0.1374629331,0.1387068112,0.140330324,0.1424471716,0.145203587,0.1487865826,0.1534335395,0.1594428059,0.1671844507,0.1771094855,0.1897546295,0.2057380416,0.2257396073,0.2504579992,0.2805371489,0.316458957,0.3584089707,0.406137436,0.4588551673,0.5152120067,0.573393468,0.6313348517,0.6870050429,0.7386807117,0.785136112,0.8257111059,0.860266738,0.889068972,0.9126478864,0.9316681989,0.9468295682,0.9588005759,0.9681818106,1.38017E-05,2.36316E-05,4.04426E-05,6.91685E-05,0.0001181996,0.000201768,0.0003439338,0.0005851939,0.0009933246,0.0016809189,0.0028332365,0.0047513428,0.0079167384,0.0130838393,0.0214039773,0.0345761401,0.0550019697,0.0858934442,0.1312444614,0.1955457568,0.2831216606,0.397027662,0.5375891772,0.7008743898,0.877622586,1.0532819904,1.2096863357,1.3283895941,1.3948697532,1.402130389,1.3522345634,1.2551788076,1.1257483392,0.9797719783,0.8311095631,0.6900232069,0.5628660571,0.4526300811,0.3598511136,0.2835158015,0.2217939064,7.7405926258
Algebraic Concepts,0.346,0.449,1.3577,0.8901,0.15542,0.1564890574,0.1567661622,0.1571149496,0.1575538784,0.158106111,0.1588006841,0.1596739519,0.1607713594,0.162149602,0.163879233,0.1660477719,0.1687633479,0.1721588724,0.1763966617,0.18167331,0.1882244233,0.196328546,0.2063092329,0.2185337356,0.233406244,0.2513531692,0.2727978222,0.2981224155,0.3276170538,0.361418635,0.3994472544,0.441352757,0.4864874061,0.5339195121,0.5824954903,0.6309451395,0.6780113379,0.722576944,0.7637626792,0.8009796362,0.8339339507,0.8625930502,0.8871290121,0.9078546103,0.9251637616,0.9394829656,4.60079E-05,7.27972E-05,0.0001151034,0.0001818345,0.000286933,0.000452147,0.0007112508,0.0011164101,0.0017476451,0.0027266598,0.0042365902,0.0065493781,0.0100622217,0.0153434979,0.0231860952,0.0346616085,0.0511619481,0.0744060699,0.1063808386,0.1491807233,0.204717091,0.2742901801,0.3580579189,0.4544912384,0.5599616411,0.6686398811,0.7728648081,0.8640447631,0.9339845031,0.9763415967,0.987802649,0.9686166496,0.9223353454,0.8548905979,0.7733439104,0.6846847497,0.5949466734,0.5087404208,0.4291594978,0.3579394655,0.2957430194,5.2036782011
Algebraic Concepts,0.302,0.467,1.1981,0.9804,0.11137,0.1134181632,0.113879541,0.1144444902,0.1151360806,0.1159824303,0.1170177658,0.1182836819,0.1198306273,0.1217196408,0.1240243528,0.126833254,0.1302522104,0.1344071606,0.1394468757,0.1455455722,0.1529050539,0.1617558966,0.1723570075,0.1849926747,0.1999660378,0.2175877967,0.2381590589,0.2619476269,0.2891579019,0.3198959921,0.3541335113,0.391675564,0.4321398997,0.4749543174,0.5193773982,0.5645434574,0.6095271079,0.653417755,0.6953916011,0.734769435,0.771052333,0.8039328755,0.8332846371,0.8591360886,0.8816361712,0.9010180612,0.0001722691,0.000257441,0.0003842458,0.0005726461,0.0008518642,0.0012644322,0.0018718234,0.0027621393,0.0040603652,0.0059416487,0.0086478444,0.0125070802,0.0179552389,0.0255569187,0.0360216443,0.0502090315,0.0691146966,0.0938276377,0.1254504432,0.1649767785,0.2131266191,0.2701486466,0.3356105828,0.4082108296,0.4856562307,0.5646568281,0.6410829977,0.7103072411,0.7677106652,0.8092808374,0.8321821747,0.8351655356,0.8187145655,0.7848963173,0.7369658001,0.6788348201,0.6145333316,0.5477671442,0.4816275819,0.4184593655,0.3598583994,4.3252207442
Algebraic Concepts,0.284,0.305,2.0441,1.3788,0.20945,0.2094562877,0.2094589004,0.2094625989,0.2094678341,0.2094752447,0.2094857345,0.2095005827,0.2095216,0.209551349,0.2095934561,0.2096530527,0.2097373989,0.2098567637,0.210025668,0.2102646355,0.210602657,0.2110806461,0.2117562708,0.2127106698,0.2140577168,0.2159566564,0.2186290499,0.2223809384,0.2276307091,0.2349419401,0.2450577788,0.2589282255,0.2777131358,0.3027322042,0.335322984,0.3765711564,0.4269138701,0.4857017078,0.55091273,0.6192514524,0.6867315169,0.7495608129,0.8049389877,0.8514398785,0.8889231202,0.9181546519,2.8833314E-09,5.7773701E-09,1.1576087E-08,2.319464E-08,4.6473503E-08,9.3113301E-08,1.8655282E-07,3.7373947E-07,7.4869273E-07,1.4996582E-06,3.0034191E-06,6.0137801E-06,1.20379E-05,2.40861E-05,4.81641E-05,9.62307E-05,0.0001920372,0.0003825837,0.000760397,0.0015063053,0.0029700988,0.0058187076,0.011298248,0.0216719235,0.0408903944,0.0754773537,0.1353913083,0.2341895106,0.38727571,0.6068677664,0.8934790616,1.2266920017,1.5614823166,1.8366069726,1.9952617804,2.0079857801,1.8834011497,1.660491494,1.3895887731,1.1147711142,0.8651479908,2.3326807106
Algebraic Concepts,0.314,0.324,0.8096,1.3818,0.16012,0.1680394246,0.1691953342,0.1705178503,0.1720303292,0.1737591967,0.1757342888,0.1779892082,0.1805616934,0.1834939878,0.1868331981,0.190631622,0.1949470221,0.1998428142,0.2053881311,0.2116577148,0.2187315793,0.2266943811,0.2356344234,0.2456422229,0.2568085665,0.2692219994,0.2829657083,0.2981138027,0.3147270484,0.3328481785,0.3524969905,0.3736655233,0.396313693,0.4203658258,0.4457085482,0.4721904602,0.4996239159,0.5277890703,0.5564401281,0.5853134898,0.6141372585,0.6426413969,0.6705677368,0.6976790664,0.7237666368,0.7486556335,0.0008338409,0.0010860258,0.0014123056,0.0018334172,0.0023754221,0.0030708564,0.0039600332,0.0050924731,0.0065284118,0.008340301,0.010614175,0.0134507005,0.0169656754,0.0212896831,0.0265665645,0.032950347,0.0406002818,0.0496737066,0.0603165755,0.0726517022,0.0867650259,0.1026905448,0.1203949154,0.1397630798,0.1605865768,0.1825563708,0.2052620182,0.2281987195,0.2507832278,0.2723787093,0.2923275268,0.3099896998,0.3247836805,0.3362253306,0.3439607995,0.3477895159,0.3476746766,0.3437402618,0.3362554038,0.3256085302,0.3122748058,1.4315065724
Algebraic Concepts,0.347,0.377,0.579,0.7117,0.14416,0.1996194305,0.2049490201,0.2107481673,0.2170498217,0.2238875982,0.2312954371,0.2393071895,0.2479561225,0.2572743422,0.2672921322,0.2780372109,0.2895339162,0.3018023261,0.3148573369,0.3287077201,0.3433551892,0.3587935129,0.3750077149,0.3919734057,0.4096562908,0.4280119016,0.446985585,0.4665127849,0.4865196323,0.5069238495,0.5276359539,0.5485607319,0.5695989358,0.5906491408,0.6116096909,0.6323806536,0.6528657051,0.6729738707,0.692621056,0.7117313183,0.7302378424,0.7480836056,0.7652217301,0.7816155398,0.7972383483,0.8120730159,0.0163150853,0.0189646237,0.0219680106,0.0253543968,0.0291512218,0.0333831132,0.0380706514,0.0432290227,0.0488665989,0.0549834888,0.0615701223,0.0686059369,0.0760582445,0.0838813668,0.092016123,0.1003897576,0.1089163819,0.1174979874,0.1260260658,0.1343838382,0.1424490563,0.1500972991,0.1572056435,0.1636565493,0.169341768,0.1741660647,0.1780505406,0.1809353597,0.1827817137,0.1835729108,0.1833145312,0.1820336578,0.1797772536,0.1766098122,0.1726104483,0.167869621,0.1624856899,0.1565614932,0.1502011159,0.1435069798,0.136577353,1.0828211207
Data Analysis,0.332,0.492,1.3657,0.6992,0.17719,0.1787487257,0.1791551025,0.1796671065,0.1803120049,0.1811239932,0.1821458911,0.1834312149,0.1850466887,0.1870752491,0.189619586,0.1928062224,0.1967900736,0.2017593095,0.2079401706,0.2156011192,0.2250553391,0.2366601252,0.2508111601,0.2679291907,0.2884364051,0.3127202572,0.3410840519,0.3736867,0.4104786534,0.4511462322,0.4950803125,0.5413848684,0.5889340824,0.6364742391,0.6827525716,0.7266459037,0.767262001,0.8039959845,0.8365382216,0.8648425513,0.8890703864,0.9095266284,0.9265995399,0.9407115102,0.9522830682,0.9617094236,8.88768E-05,0.0001408698,0.0002230625,0.0003527823,0.0005570896,0.0008780428,0.0013806179,0.0021644433,0.0033808426,0.0052569611,0.0081287624,0.0124840926,0.019015243,0.0286767778,0.0427381359,0.0628115267,0.0908251794,0.1289037213,0.1791177231,0.2430811695,0.3214147131,0.4131527893,0.5152407628,0.622317323,0.7269714971,0.8205724541,0.8945932358,0.9421395018,0.9592529542,0.9455843885,0.9042408938,0.8409096197,0.7625934254,0.6763567183,0.5883784426,0.5034323386,0.4247589791,0.3542100146,0.2925311931,0.2396789275,0.195106228,5.4663834282
Data Analysis,0.535,0.536,1.1272,0.2073,0.16744,0.1793839375,0.1818629734,0.1848456345,0.1884292835,0.1927278813,0.1978738174,0.2040194716,0.2113382308,0.220024578,0.2302927519,0.2423733595,0.256507233,0.2729358105,0.2918874484,0.3135594089,0.3380958873,0.3655633646,0.3959257084,0.4290225999,0.4645556461,0.502086518,0.5410502621,0.5807845407,0.6205723831,0.6596929624,0.6974729489,0.7333308518,0.7668084794,0.7975866189,0.8254852556,0.8504511972,0.8725373474,0.8918780481,0.9086642126,0.9231208536,0.9354884461,0.9460086072,0.9549139103,0.9624212742,0.9687282158,0.9740112497,0.0034571659,0.0049574699,0.0070774873,0.0100517556,0.0141895629,0.019890053,0.027655047,0.0380956578,0.0519272384,0.0699459577,0.0929799873,0.1218096717,0.1570548598,0.199034144,0.2476096992,0.3020413912,0.3608823954,0.4219523906,0.4824198531,0.5390094324,0.5883241376,0.6272401176,0.6533040849,0.6650517088,0.6621775858,0.6455223764,0.6168887971,0.5787384905,0.5338426905,0.4849567955,0.4345681676,0.3847386428,0.3370385875,0.2925536144,0.2519390854,0.2154988836,0.1832702364,0.1551027218,0.1307252115,0.1097986355,0.0919550571,3.2945173176
Data Analysis,0.272,0.482,1.3082,1.3711,0.10979,0.1102834287,0.1104062387,0.1105595885,0.1107510579,0.1109900996,0.1112884974,0.1116609339,0.1121256924,0.1127055227,0.1134287046,0.1143303505,0.1154539907,0.1168534903,0.1185953459,0.1207614066,0.1234520457,0.1267897819,0.1309232913,0.1360316623,0.1423286049,0.1500661204,0.1595368572,0.171074016,0.1850472556,0.2018526579,0.221894582,0.2455574301,0.2731662685,0.3049372375,0.3409218465,0.38095324,0.4246061776,0.4711839913,0.5197432319,0.5691593322,0.6182259244,0.6657702602,0.7107619462,0.7523944097,0.7901270822,0.8236873281,1.22589E-05,1.90967E-05,2.97371E-05,4.62845E-05,7.19976E-05,0.0001119138,0.0001738023,0.0002696118,0.000417654,0.0006458706,0.0009966672,0.0015339731,0.0023533741,0.0035963482,0.0054697112,0.0082712292,0.0124217404,0.0185027666,0.0272961692,0.0398187649,0.0573401656,0.081367343,0.1135761995,0.1556710044,0.2091591234,0.2750424095,0.3534479737,0.4432483674,0.5417508124,0.6445592678,0.745717968,0.8382125612,0.91482309,0.9692023884,0.9969377025,0.9963062953,0.9685022625,0.9172777447,0.8481320672,0.7673066005,0.6808537762,3.0037667988
Data Analysis,0.331,0.424,0.8652,0.9874,0.1069,0.1177951658,0.1194971684,0.1214606633,0.1237243564,0.1263321932,0.1293339057,0.1327855578,0.1367500696,0.1412976838,0.1465063334,0.1524618511,0.1592579511,0.1669958922,0.1757837214,0.18573498,0.196966748,0.2095969049,0.2237405032,0.2395051885,0.256985668,0.276257324,0.2973691987,0.3203367233,0.345134728,0.3716914033,0.3998839777,0.4295368715,0.4604229721,0.4922684259,0.5247609802,0.5575614744,0.5903176589,0.6226791791,0.6543123883,0.6849136828,0.7142202654,0.742017619,0.7681433986,0.7924878761,0.8149914067,0.8356396037,0.0024112394,0.0031713903,0.0041592839,0.0054374233,0.0070828268,0.0091892423,0.0118691988,0.0152556381,0.019502787,0.0247858528,0.0312990729,0.0392516228,0.0488609172,0.0603429339,0.0738993612,0.0897016154,0.1078721072,0.1284635262,0.1514373667,0.176643401,0.2038022773,0.232493811,0.2621537362,0.2920815498,0.3214614751,0.3493973815,0.3749607514,0.3972486524,0.4154465284,0.4288889724,0.4371109947,0.4398829985,0.437224737,0.4293966005,0.4168699841,0.4002814752,0.3803775144,0.3579567425,0.3338164944,0.3087082279,0.2833045796,2.4030532808
Data Analysis,0.543,0.495,0.8685,0.4598,0.15608,0.1778406536,0.18119975,0.1850590985,0.1894871974,0.194559975,0.2003609545,0.2069811838,0.2145188382,0.2230783962,0.2327692705,0.2437037749,0.2559943096,0.2697496714,0.2850704355,0.3020434302,0.3207354224,0.3411862669,0.3634019163,0.3873478482,0.4129435865,0.4400590681,0.4685135754,0.4980778112,0.5284794186,0.5594118708,0.5905462332,0.621544896,0.6520760889,0.6818278689,0.7105203512,0.7379152183,0.7638219218,0.7881004218,0.8106606997,0.8314595747,0.8504955295,0.8678022949,0.883441894,0.8974977275,0.9100681292,0.9212606723,0.0067004467,0.0087274211,0.0113193202,0.0146115075,0.0187622188,0.0239524409,0.0303838862,0.038274402,0.0478501636,0.0593341173,0.0729303879,0.0888047629,0.1070619072,0.1277206222,0.1506891757,0.1757434086,0.2025108403,0.2304642001,0.2589275514,0.2870973115,0.3140789498,0.3389380481,0.3607619978,0.378726325,0.3921580416,0.4005880172,0.4037854435,0.4017699352,0.3948001963,0.3833417356,0.3680190308,0.349559239,0.3287348027,0.3063112661,0.2830047474,0.2594513428,0.2361887416,0.2136488262,0.1921591185,0.1719505893,0.1531694254,2.3523043586
Data Analysis,0.469,0.549,0.8954,-0.1635,0.1732,0.2208011654,0.2281078962,0.2364451679,0.2459291003,0.2566797106,0.2688179412,0.2824616803,0.297720701,0.3146905202,0.3334453037,0.3540300972,0.3764528502,0.400676891,0.4266146697,0.4541236776,0.4830054115,0.5130080664,0.5438332871,0.5751468298,0.6065924535,0.6378078793,0.6684413273,0.6981670516,0.7266984501,0.7537977093,0.7792814445,0.8030223295,0.8249471551,0.8450320659,0.8632958716,0.8797923237,0.8946021387,0.9078253741,0.9195745721,0.9299689061,0.9391294163,0.9471753154,0.954221269,0.9603755219,0.9657387226,0.9704033037,0.0271039503,0.0345809066,0.0437839535,0.0549754988,0.0684064108,0.0842939762,0.1027949546,0.123975091,0.147777479,0.1739932084,0.2022385853,0.2319436491,0.2623564733,0.2925666264,0.3215490931,0.348227037,0.3715484293,0.3905684292,0.4045273003,0.4129132897,0.415501645,0.412364571,0.4038516652,0.3905450761,0.37319722,0.3526606258,0.3298192281,0.3055285649,0.2805695911,0.2556179295,0.2312279621,0.207829506,0.1857339967,0.1651469604,0.1461838951,0.1288872652,0.1132429694,0.0991952478,0.0866594887,0.0755327636,0.0657021585,1.7554239015
Data Analysis,0.473,0.525,0.8802,-0.1116,0.19263,0.2377959655,0.2446174068,0.2523883209,0.2612153413,0.2712091741,0.2824821363,0.2951448321,0.3093018849,0.3250467089,0.3424553907,0.3615798806,0.3824408426,0.4050206777,0.4292573855,0.4550400313,0.4822066019,0.510544927,0.5397971009,0.5696674717,0.599833822,0.6299609209,0.6597152743,0.6887797136,0.7168664899,0.7437277681,0.769162802,0.7930215194,0.8152046787,0.8356611019,0.8543826966,0.8713980561,0.8867653879,0.9005654035,0.9128946451,0.923859562,0.9335715032,0.9421426741,0.9496830223,0.9562979617,0.962086817,0.9671418625,0.0224638223,0.0286728076,0.0363410852,0.0457063029,0.0570043157,0.0704519211,0.0862248427,0.1044317195,0.1250857456,0.1480765709,0.173145968,0.1998713887,0.2276616475,0.2557683672,0.2833153852,0.3093460594,0.3328855969,0.3530126142,0.3689317898,0.3800383438,0.3859656435,0.3866095374,0.3821266587,0.3729080717,0.3595333283,0.3427124334,0.323224012,0.30185718,0.2793627121,0.2564166818,0.2335974157,0.2113747618,0.1901094986,0.1700602003,0.1513948807,0.1342050874,0.118520627,0.1043236478,0.0915612897,0.0801565069,0.0700169526,1.737170435
Data Analysis,0.539,0.361,0.7185,0.3647,0.21433,0.2557598231,0.2608237798,0.2664633446,0.2727329243,0.2796893055,0.2873910238,0.2958975167,0.3052680313,0.3155602659,0.3268287336,0.339122849,0.352484761,0.3669469775,0.3825298575,0.3992390789,0.4170632198,0.4359716202,0.4559127066,0.4768129685,0.4985767574,0.5210870438,0.5442072079,0.5677838636,0.5916506278,0.6156326579,0.6395517077,0.6632313939,0.6865023466,0.7092069289,0.731203254,0.7523682999,0.7726000081,0.7918183396,0.8099653439,0.8270043608,0.8429185169,0.8577087048,0.8713912278,0.8839952859,0.8955604474,0.9061342264,0.0120719657,0.0148068118,0.0180836698,0.0219834875,0.0265907083,0.0319904717,0.0382648561,0.0454881318,0.053721076,0.0630045121,0.0733523667,0.0847446727,0.0971210827,0.1103755594,0.1243529656,0.1388482623,0.1536089132,0.1683408901,0.1827183717,0.1963968498,0.2090289533,0.2202819084,0.229855259,0.2374973161,0.2430188435,0.2463027217,0.2473087481,0.2460732539,0.2427037833,0.2373695782,0.2302889931,0.2217151538,0.2119211967,0.2011862702,0.1897832222,0.1779685786,0.165975095,0.1540068851,0.1422369101,0.130806476,0.1198263133,1.4500470783
Data Analysis,0.279,0.218,1.0635,1.5004,0.22843,0.2298040083,0.2300757253,0.2304010381,0.2307904589,0.2312565355,0.2318142348,0.2324813929,0.2332792424,0.2342330262,0.2353727083,0.2367337905,0.2383582412,0.2402955391,0.242603827,0.2453511608,0.2486168212,0.2524926342,0.2570842142,0.262512002,0.268911917,0.2764353801,0.2852483939,0.2955292976,0.30746476,0.3212435633,0.3370477836,0.3550411468,0.3753546512,0.3980700326,0.4232022776,0.4506830866,0.480347788,0.511928484,0.5450559439,0.5792718079,0.614051086,0.6488330288,0.6830567154,0.7161966653,0.7477937724,0.7774778947,3.47438E-05,4.97676E-05,7.12566E-05,0.0001019705,0.0001458314,0.000208402,0.000297553,0.0004243886,0.0006045224,0.0008598177,0.0012207406,0.0017294979,0.002444155,0.0034439318,0.0048358401,0.0067627241,0.0094125639,0.013028548,0.0179188784,0.0244645161,0.0331221374,0.0444185802,0.0589322708,0.0772569649,0.0999441211,0.127422892,0.1599013164,0.1972585692,0.238945034,0.2839125951,0.3305994651,0.3769897021,0.4207561604,0.4594780228,0.490904186,0.5132177869,0.5252513995,0.5266105165,0.5176834323,0.4995421064,0.4737621978,1.3380398718
Data Analysis,0.216,0.181,1.379,1.6059,0.18333,0.1835039896,0.183549945,0.1836080344,0.1836814591,0.1837742637,0.1838915569,0.1840397905,0.1842271103,0.1844637966,0.1847628187,0.1851405283,0.1856175277,0.1862197511,0.1869798077,0.1879386406,0.1891475639,0.1906707414,0.1925881698,0.1949992161,0.1980267268,0.2018216647,0.206568124,0.2124884024,0.2198475466,0.2289564193,0.2401718479,0.2538918471,0.2705433537,0.2905596169,0.3143447016,0.34222402,0.3743828548,0.4107995642,0.4511857453,0.4949499921,0.5412020336,0.5888075227,0.6364908198,0.6829679807,0.727081572,0.7679082736,1.1099914E-06,1.7732429E-06,2.8324927E-06,4.523855E-06,7.2239024E-06,1.15329E-05,1.8407E-05,2.93678E-05,4.68346E-05,7.46477E-05,0.0001188931,0.0001891938,0.0003007232,0.0004773218,0.0007562809,0.0011956059,0.0018848887,0.0029612866,0.0046324578,0.0072084517,0.0111441984,0.0170927969,0.0259665255,0.0389965066,0.0577728163,0.0842353376,0.1205750845,0.1690025488,0.2313528342,0.3085349872,0.3998962124,0.5026485302,0.611567418,0.7191783559,0.8165604638,0.8947099151,0.9461718938,0.9664794186,0.954944949,0.914566813,0.8511386582,1.3135970047
Data Analysis,0.5,0.557,0.6582,-0.6301,0.05373,0.2217709034,0.2377960475,0.2549542723,0.2732512927,0.2926784511,0.3132110194,0.3348068111,0.3574052244,0.3809268362,0.4052736436,0.4303300232,0.4559644359,0.4820318553,0.5083768445,0.5348371551,0.5612476771,0.587444538,0.613269138,0.6385719105,0.6632156245,0.6870780831,0.7100541211,0.7320568601,0.7530182296,0.7728888073,0.7916370688,0.8092481555,0.8257222859,0.8410729292,0.8553248563,0.8685121667,0.8806763711,0.8918645914,0.9021279219,0.9115199756,0.9200956294,0.9279099672,0.9350174134,0.9414710438,0.9473220542,0.95261937,0.1385531389,0.1518439153,0.165449257,0.179208581,0.1929381171,0.2064338592,0.2194759815,0.2318347168,0.2432775621,0.253577537,0.2625220729,0.2699219937,0.2756199681,0.2794977953,0.2814819396,0.2815468512,0.2797157959,0.2760591303,0.2706901924,0.2637591743,0.2554455038,0.2459493474,0.2354828654,0.2242617988,0.2124978705,0.2003923476,0.1881309694,0.1758803112,0.1637855346,0.1519693927,0.1405322978,0.129553233,0.1190912872,0.109187603,0.0998675583,0.0911430277,0.0830146113,0.0754737424,0.0685046208,0.0620859364,0.0561923723,1.0206908533
Geometry,0.42,0.529,1.5241,0.6184,0.17458,0.1755127524,0.1757882189,0.1761448836,0.1766065765,0.1772040502,0.1779769441,0.1789762715,0.1802675512,0.1819347101,0.1840848872,0.1868542449,0.1904148272,0.1949823678,0.200824701,0.2082700049,0.2177134537,0.2296199224,0.244519191,0.2629888285,0.2856190698,0.3129544455,0.3454099945,0.3831668264,0.4260626547,0.4735049834,0.5244415655,0.5774167211,0.6307194221,0.6825962445,0.73147556,0.7761444636,0.8158399625,0.8502486798,0.8794371314,0.9037468418,0.9236855634,0.9398348026,0.9527820369,0.9630775236,0.9712112103,0.9776040121,4.02701E-05,6.74396E-05,0.0001128547,0.0001886693,0.0003150196,0.0005251361,0.0008735828,0.0014493725,0.0023965048,0.0039454411,0.0064599595,0.0105042061,0.0169334712,0.0270074124,0.0425135443,0.0658694224,0.1001442221,0.1489109,0.2158255396,0.3038568814,0.4141817792,0.5449259848,0.6901259642,0.8394249657,0.9789689827,1.0936391469,1.170188567,1.2003012868,1.1824374042,1.1217764122,1.0284055595,0.9146047745,0.792258784,0.6710977211,0.5579519656,0.456818186,0.3693862662,0.2957149,0.2348578252,0.185352799,0.1455590145,6.7967483766
Geometry,0.26,0.482,1.9119,1.2521,0.14322,0.1432419902,0.1432504356,0.1432621244,0.1432783019,0.1433006916,0.1433316785,0.1433745629,0.1434339106,0.1435160382,0.1436296824,0.1437869238,0.1440044613,0.1443053655,0.1447214883,0.1452967628,0.1460917059,0.1471895239,0.1487043289,0.1507920642,0.1536647926,0.1576089248,0.1630076067,0.1703665827,0.1803409712,0.1937569753,0.2116170934,0.2350700287,0.2653193597,0.3034441291,0.3501206561,0.4052792099,0.4677984183,0.5353972646,0.6048626402,0.6726121757,0.7354034828,0.7909083292,0.8379558976,0.8764369028,0.9070029629,0.9307222496,4.1624124E-08,7.9729859E-08,1.5271515E-07,2.9249795E-07,5.6018989E-07,1.0727749E-06,2.0541293E-06,3.9325308E-06,7.5268446E-06,1.44016E-05,2.7543E-05,5.26426E-05,0.000100528,0.0001917419,0.0003651168,0.0006936881,0.0013138661,0.0024780065,0.004646894,0.008647017,0.0159253239,0.0289333562,0.0516452988,0.0901314001,0.1529416422,0.250818971,0.3950769068,0.5940938589,0.848069983,1.1435031636,1.4502947823,1.7248658586,1.9207421879,2.0035574514,1.963140897,1.8158068739,1.5960311446,1.3432293792,1.0907662747,0.8607934919,0.6643178495,4.6818576656
Geometry,0.263,0.435,1.1727,0.8152,0.14387,0.1469853032,0.1476695643,0.1485033036,0.1495187781,0.150755013,0.1522591292,0.1540878847,0.1563094429,0.159005367,0.162272818,0.1662269004,0.1710030513,0.1767592925,0.1836780722,0.191967291,0.2018599543,0.2136117249,0.2274954888,0.2437919562,0.2627753684,0.284693677,0.3097432236,0.3380390365,0.3695833556,0.4042366518,0.4416967592,0.481492132,0.5229940541,0.5654496513,0.6080332516,0.6499092265,0.6902964401,0.7285240062,0.764070352,0.7965817363,0.8258708606,0.851899678,0.874752242,0.8946034644,0.9116885218,0.9262760215,0.000305415,0.0004518473,0.0006674757,0.0009842039,0.0014480309,0.0021248126,0.0031080344,0.0045290479,0.0065701371,0.0094805289,0.0135949255,0.0193532283,0.0273187435,0.0381903394,0.0528019561,0.0721010416,0.0970966814,0.1287693932,0.1679387249,0.2150924588,0.2701921189,0.3324822845,0.400343287,0.4712342592,0.5417711633,0.6079676103,0.6656333104,0.7108808185,0.7406491316,0.7531309214,0.7480031115,0.7264087217,0.6907048404,0.6440510069,0.5899422725,0.5317851813,0.472582405,0.4147503792,0.3600595925,0.3096669887,0.2642042418,4.2262649037
Geometry,0.213,0.493,0.8749,0.9366,0.07402,0.0856133384,0.0874455722,0.0895624538,0.0920065366,0.0948261732,0.0980761158,0.1018181126,0.10612147,0.111063544,0.1167301049,0.1232155099,0.1306225964,0.139062194,0.1486521329,0.1595156163,0.1717788156,0.1855675562,0.2010029893,0.2181961978,0.2372417721,0.2582105136,0.2811415788,0.3060345536,0.3328421236,0.3614641442,0.3917439781,0.423467915,0.4563682893,0.4901305667,0.5244042157,0.5588166856,0.592989363,0.6265540838,0.6591686916,0.690530277,0.7203850835,0.7485345294,0.7748372927,0.7992078341,0.8216120445,0.8420608553,0.0037037085,0.0048530848,0.0063357009,0.0082374055,0.0106615292,0.0137305825,0.0175873816,0.0223952754,0.0283371107,0.0356125562,0.0444334189,0.0550166397,0.0675747403,0.082303619,0.0993677498,0.1188830426,0.1408978791,0.1653731693,0.1921626832,0.2209954017,0.251462129,0.2830090342,0.3149409666,0.3464371395,0.3765809228,0.4044039504,0.4289426161,0.4493026115,0.4647249569,0.4746456047,0.4787406621,0.4769508369,0.4694816413,0.4567796053,0.4394883832,0.4183913703,0.3943487393,0.3682365425,0.3408940096,0.3130829314,0.2854606604,2.7007604017
Geometry,0.68,0.62,1.3886,-0.2446,0.21912,0.2313154242,0.234498543,0.2384915478,0.2434883236,0.2497221925,0.2574699582,0.2670539583,0.2788404501,0.2932320745,0.310651652,0.3315144817,0.3561870635,0.3849323033,0.4178451309,0.4547877997,0.4953395347,0.5387779854,0.5841070752,0.6301358706,0.6755982065,0.7192889527,0.7601867416,0.7975379298,0.8308898812,0.8600767711,0.8851717766,0.9064231229,0.9241891258,0.9388821086,0.950925633,0.9607254303,0.9686521073,0.9750328253,0.9801491746,0.9842389269,0.9874999305,0.9900949593,0.9921567563,0.9937928325,0.995089796,0.9961171224,0.0045166971,0.0070553704,0.0109499956,0.0168605745,0.025713051,0.038761522,0.0576292724,0.0842956753,0.1209837005,0.1698991626,0.2327893147,0.3103354148,0.4014723401,0.5028197607,0.6084723096,0.7103765811,0.7993829252,0.8668173625,0.9061680798,0.9143625279,0.892222435,0.8439916367,0.7761745261,0.696122824,0.6107924283,0.5259211479,0.4456744851,0.3726641457,0.3081901994,0.2525708429,0.2054667336,0.1661516168,0.133714085,0.107194516,0.0856695927,0.0682984653,0.0543429893,0.0431717119,0.0342545151,0.02715254,0.0215062993,2.1104875546
Geometry,0.682,0.618,1.3207,-0.2505,0.22587,0.2408146504,0.2444860606,0.2490318986,0.2546455018,0.2615549878,0.2700252734,0.2803577378,0.2928860582,0.3079663848,0.3259598367,0.3472055402,0.3719834021,0.4004678124,0.4326765856,0.4684232112,0.5072837312,0.5485904505,0.5914615035,0.6348676367,0.6777273207,0.7190124026,0.7578429984,0.7935539094,0.825723785,0.854168491,0.8789077668,0.9001173862,0.9180781126,0.933129483,0.9456326872,0.9559437135,0.9643959366,0.9712903629,0.9768915154,0.9814271294,0.9850901899,0.988042232,0.990417167,0.9923251653,0.9938563227,0.9950839679,0.0059226332,0.0090082898,0.0136079663,0.0203868948,0.0302415929,0.0443350261,0.0641032531,0.0912067253,0.1273944019,0.174252913,0.2328328595,0.303183853,0.3838847743,0.4717093072,0.5615909,0.6470158785,0.720864893,0.7765637139,0.8092582558,0.8166755323,0.7994178933,0.7606333594,0.7052154189,0.6388112178,0.5669154049,0.494228727,0.4243338657,0.3596433942,0.301528752,0.2505373342,0.2066271533,0.1693768689,0.1381527487,0.1122298259,0.0908728172,0.0733854593,0.0591369961,0.0475732399,0.0382179103,0.0306683327,0.0245882549,2.0368992264
Geometry,0.721,0.583,1.3696,-0.3004,0.28906,0.3023956308,0.3058094565,0.3100708759,0.3153753916,0.3219552609,0.3300817734,0.3400648583,0.3522482778,0.366998227,0.3846829614,0.4056414417,0.4301403324,0.458321387,0.4901452877,0.5253426098,0.5633859423,0.6034968592,0.6446955296,0.6858897534,0.7259877991,0.7640111389,0.7991832162,0.8309787103,0.859130186,0.883599987,0.9045310898,0.9221909364,0.9369188771,0.94908326,0.9590501679,0.9671631272,0.9737317699,0.9790270703,0.9832809799,0.9866887211,0.9894124751,0.9915856167,0.9933169667,0.994694763,0.9957902062,0.9966605291,0.0044002793,0.0068304396,0.0105354054,0.0161236668,0.0244426862,0.036630981,0.0541479511,0.0787502921,0.1123728619,0.1568699676,0.2135917549,0.2828200145,0.3631673471,0.4511299262,0.5410290388,0.6255253368,0.6967194818,0.7476110909,0.7734917409,0.7728218119,0.7473243249,0.701331376,0.6406771619,0.5715247697,0.4994349199,0.42881821,0.3627570376,0.3030942459,0.250665287,0.205573484,0.1674453114,0.1356362433,0.1093806667,0.0878917449,0.0704219038,0.0562950019,0.0449195958,0.0357904792,0.0284835641,0.0226474712,0.0179939347,1.7183535759
Geometry,0.379,0.434,0.6876,0.9199,0.1078,0.1362427575,0.1396439348,0.1434350446,0.147656588,0.1523522289,0.1575687772,0.1633560901,0.1697668731,0.1768563558,0.1846818203,0.193301954,0.2027760055,0.2131627194,0.224519035,0.2368985409,0.2503496904,0.2649137983,0.280622862,0.2974972702,0.3155434915,0.3347518581,0.3550945822,0.3765241579,0.3989723068,0.4223496136,0.4465459741,0.4714319344,0.4968609407,0.5226724542,0.5486958104,0.5747546394,0.6006716092,0.6262732239,0.6513944034,0.6758825927,0.6996011914,0.7224321593,0.7442777196,0.7650611567,0.7847267634,0.8032390449,0.0088047564,0.0107251967,0.013018331,0.0157419193,0.0189583769,0.0227338976,0.0271371565,0.0322375434,0.0381028919,0.0447966938,0.0523748158,0.0608817694,0.0703466284,0.0807787298,0.0921633461,0.1044575634,0.1175866494,0.1314412366,0.1458756694,0.1607078725,0.1757210654,0.1906675786,0.2052749117,0.2192540044,0.2323094878,0.2441514601,0.2545081087,0.2631383272,0.2698433713,0.274476605,0.2769505017,0.277240297,0.275384,0.2714788207,0.2656744111,0.2581635973,0.2491714645,0.2389437248,0.227735259,0.2157995894,0.2033798485,1.583068374
Geometry,0.261,0.291,2.2284,1.5158,0.20037,0.2003713131,0.2003719178,0.2003728012,0.2003740914,0.2003759758,0.2003787282,0.2003827483,0.2003886199,0.2003971958,0.2004097214,0.2004280153,0.2004547339,0.2004937556,0.2005507435,0.200633965,0.2007554864,0.2009329132,0.2011919199,0.2015699212,0.2021213845,0.2029254796,0.204097026,0.2058020018,0.2082791897,0.2118697069,0.2170558505,0.2245092086,0.2351440174,0.2501632783,0.2710698875,0.2995929543,0.3374591607,0.3859473243,0.4452469063,0.5138225138,0.5881773145,0.6633728599,0.7342471336,0.7967498822,0.8487180218,0.8898527643,1.544404E-10,3.294704E-10,7.028629E-10,1.4994203E-09,3.1987026E-09,6.8237175E-09,1.4556716E-08,3.1052656E-08,6.6240534E-08,1.4129731E-07,3.0138531E-07,6.4280358E-07,1.3708433E-06,2.9230022E-06,6.2311894E-06,1.32791E-05,2.82847E-05,6.02044E-05,0.0001280129,0.0002717845,0.0005757638,0.0012158653,0.0025558547,0.0053373703,0.0110417996,0.0225420366,0.0451778653,0.0882861611,0.1668098731,0.3017027212,0.5166309071,0.828199249,1.2298852036,1.6769945361,2.0867114259,2.363584613,2.4417204509,2.3155571461,2.0365352586,1.6818114948,1.3208072449,1.1411495644
Geometry,0.593,0.608,1.1021,-0.6515,0.22762,0.284788021,0.2955331245,0.3080706642,0.322610679,0.3393541905,0.3584788594,0.380121323,0.4043570733,0.4311796002,0.4604814372,0.4920404611,0.5255149863,0.5604505535,0.5962997233,0.6324538593,0.6682833747,0.7031809746,0.7366017117,0.7680944349,0.7973211764,0.8240635424,0.8482174813,0.8697793644,0.8888269228,0.9054983784,0.9199723782,0.9324504266,0.9431426521,0.9522570768,0.9599921232,0.9665318597,0.9720434093,0.9766759643,0.9805609257,0.9838127736,0.9865303705,0.9887984813,0.9906893572,0.9922642871,0.9935750548,0.9946652708,0.0483023338,0.0647009371,0.0855498797,0.1114988343,0.1430330429,0.1803443003,0.2231929254,0.2707852465,0.321698379,0.3738850909,0.4247830278,0.4715334633,0.5112879364,0.541553892,0.5605126437,0.5672431105,0.5618052277,0.5451717168,0.5190337525,0.4855322086,0.4469743081,0.4055863125,0.3633332031,0.3218147503,0.2822304602,0.2453964276,0.2117945998,0.1816371687,0.154933252,0.1315497966,0.1112626544,0.0937966501,0.0788552235,0.0661411192,0.0553699035,0.0462780342,0.0386269893,0.0322046758,0.0268250546,0.0223266753,0.0185706094,1.0365738991
Geometry,0.666,0.544,0.7933,-1.0649,0.22565,0.3966290952,0.4152697601,0.4352367613,0.4564763039,0.4789030694,0.5023993174,0.5268156141,0.5519733779,0.5776692701,0.6036812769,0.629776137,0.6557176071,0.6812749533,0.7062310269,0.7303893352,0.7535796455,0.7756618309,0.7965278603,0.8161020144,0.8343395546,0.8512241662,0.86676454,0.8809904563,0.893948691,0.9056990109,0.9163104498,0.9258579954,0.9344197533,0.9420746085,0.9489003697,0.9549723552,0.9603623708,0.9651380182,0.9693622765,0.9730933018,0.9763843948,0.9792840948,0.9818363623,0.9840808243,0.9860530557,0.9877848821,0.1348913092,0.1535644112,0.1728887321,0.192428319,0.2116793415,0.230092885,0.2471045155,0.2621683198,0.2747922246,0.2845709056,0.2912126473,0.2945571563,0.2945824834,0.2914006524,0.2852430639,0.2764379508,0.2653829142,0.2525157833,0.2382867453,0.2231340435,0.2074646968,0.1916408502,0.1759716437,0.1607099654,0.1460531497,0.132146576,0.1190891566,0.1069398407,0.0957244357,0.0854422384,0.0760721393,0.067578008,0.0599132774,0.0530247249,0.0468555003,0.0413474778,0.0364430264,0.032086293,0.0282240871,0.024806451,0.021786984,0.6154143867
Geometry,0.412,0.329,0.3673,0.4407,0.07023,0.2365331044,0.2452317163,0.254275634,0.2636671489,0.2734073261,0.2834959023,0.2939311896,0.3047099854,0.315827491,0.327277241,0.3390510456,0.3511389476,0.3635291962,0.3762082389,0.3891607343,0.4023695847,0.415815992,0.4294795346,0.443338268,0.4573688458,0.4715466624,0.4858460144,0.500240279,0.5147021073,0.5292036291,0.5437166659,0.5582129501,0.5726643439,0.587043058,0.6013218628,0.6154742919,0.6294748323,0.6432991002,0.6569239991,0.6703278583,0.6834905502,0.6963935867,0.7090201925,0.7213553556,0.7333858576,0.7451002812,0.0402634774,0.04251419,0.0448060764,0.0471313856,0.0494815889,0.0518474057,0.0542188412,0.0565852386,0.058935345,0.0612573912,0.0635391869,0.0657682275,0.067931816,0.070017194,0.0720116839,0.0739028374,0.0756785889,0.0773274113,0.0788384689,0.0802017669,0.0814082918,0.0824501401,0.083320632,0.0840144082,0.0845275046,0.0848574069,0.0850030794,0.0849649708,0.0847449953,0.0843464891,0.0837741456,0.0830339293,0.0821329712,0.0810794496,0.0798824586,0.0785518671,0.0770981725,0.0755323534,0.0738657214,0.0721097784,0.0702760795,0.5076910871
Numbers and Operations,0.483,0.629,1.8935,0.3422,0.16047,0.1609160146,0.16108526,0.1613186626,0.1616404843,0.1620841094,0.1626954263,0.1635374217,0.1646963802,0.166290179,0.1684792479,0.1714807892,0.175586737,0.1811855193,0.1887866972,0.1990455878,0.2127815107,0.2309779356,0.2547459208,0.2852262319,0.3234065919,0.369848854,0.4243655586,0.4857497575,0.5517078621,0.619112213,0.6845532395,0.7450019608,0.7983245573,0.8434825342,0.8804245574,0.9097988373,0.9326323941,0.9500709928,0.9632105557,0.9730104411,0.9802640365,0.9856027293,0.9895157437,0.9923750731,0.9944598002,0.9959772994,1.52497E-05,2.89825E-05,5.50476E-05,0.0001044642,0.0001980076,0.0003747059,0.0007075097,0.0013318443,0.0024967612,0.0046544264,0.0086115242,0.015773403,0.0285108195,0.050652967,0.0880311489,0.1488373553,0.2433326163,0.3822563522,0.5734026043,0.8165300499,1.0981005565,1.388758804,1.6467664467,1.8284779409,1.90253102,1.8606959201,1.7193012208,1.5110292715,1.2726239218,1.0349420706,0.8184038673,0.6331606745,0.4816907043,0.3618332104,0.2692305128,0.1989210737,0.1462116312,0.1070601701,0.0781741926,0.0569659962,0.0414500247,8.2169962721
Numbers and Operations,0.557,0.63,1.5418,0.2962,0.22878,0.23065167,0.2312107914,0.2319362531,0.2328770726,0.2340963915,0.2356753269,0.2377177241,0.2403559175,0.2437575392,0.2481332727,0.2537451878,0.2609148524,0.2700297336,0.2815454244,0.2959799982,0.3138955033,0.3358608119,0.3623907241,0.3938597963,0.430397033,0.4717791134,0.5173518267,0.5660147736,0.6162952165,0.666510956,0.7149883632,0.7602780886,0.8013119969,0.8374698904,0.8685583163,0.894728649,0.916369525,0.9340025217,0.9481977999,0.9595151193,0.9684682928,0.975507848,0.9810161346,0.9853099777,0.9886472803,0.9912351931,0.0001349724,0.0002269418,0.0003810589,0.0006387125,0.0010681523,0.0017811208,0.0029588847,0.0048919958,0.0080390332,0.0131094535,0.0211728293,0.0337884435,0.053131952,0.0820671978,0.124074076,0.1829120877,0.2619045097,0.3628106956,0.4844390901,0.6214086654,0.7636707038,0.8973718247,1.007237233,1.0799554241,1.1074106399,1.0884998181,1.0288654039,0.938835317,0.8305708717,0.7155056314,0.6027264211,0.4983934449,0.4059303584,0.32661153,0.2602441009,0.20576877,0.1617114483,0.1264843438,0.0985647784,0.0765867992,0.0593764443,5.2050034632
Numbers and Operations,0.556,0.687,1.4766,0.1523,0.15883,0.1626002762,0.163669948,0.1650408475,0.1667963509,0.1690419809,0.1719106921,0.1755690373,0.1802240974,0.1861308425,0.1935992267,0.2029997741,0.2147656466,0.2293882254,0.247402229,0.2693557023,0.2957605286,0.3270214087,0.3633464914,0.404651193,0.4504764879,0.4999497003,0.5518135972,0.6045344844,0.6564748715,0.7060919004,0.752112253,0.7936438349,0.8302085274,0.8617056897,0.8883317989,0.9104844014,0.9286720854,0.9434424686,0.9553317112,0.9648336749,0.9723844343,0.9783574614,0.9830654622,0.9867658485,0.9896677948,0.9919396058,0.0006520112,0.001066074,0.0017380918,0.0028234538,0.0045656403,0.0073406232,0.0117182974,0.0185424631,0.0290258898,0.0448471219,0.0682198001,0.1018847066,0.1489556613,0.2125453774,0.2951233605,0.3976288747,0.5184774537,0.6527336901,0.7918200644,0.9241125073,1.0365689084,1.1171521407,1.1573873814,1.1541882938,1.1102938881,1.0332188165,0.9332151127,0.8210333062,0.7061542763,0.5958051345,0.4947203963,0.4054129617,0.3286870777,0.2641896161,0.2108850406,0.167411919,0.1323228532,0.1042295103,0.0818790061,0.064184959,0.0502310817,4.5841470425
Numbers and Operations,0.318,0.435,1.2845,1.2182,0.17479,0.1755213545,0.1756996399,0.175921327,0.1761969489,0.1765395771,0.1769654239,0.1774945813,0.1781519269,0.1789682281,0.1799814813,0.1812385264,0.1827969755,0.1847274919,0.1871164433,0.1900689305,0.1937121493,0.1981989755,0.2037115568,0.2104645372,0.2187073281,0.228724557,0.2408335028,0.255376996,0.2727100362,0.2931784199,0.3170882235,0.3446663117,0.3760142978,0.4110614388,0.4495251257,0.4908896733,0.5344134576,0.5791700335,0.6241210847,0.6682102263,0.7104602815,0.7500555454,0.7863952543,0.8191128325,0.8480640175,0.8732927535,1.75934E-05,2.7183E-05,4.19827E-05,6.48075E-05,9.99794E-05,0.0001541208,0.0002373546,0.000365108,0.0005608054,0.0008598492,0.001315442,0.0020069743,0.0030518887,0.0046220624,0.0069657309,0.0104356148,0.0155229363,0.0228950679,0.0334313001,0.0482465312,0.0686870396,0.0962773632,0.1325954026,0.1790578898,0.2366138198,0.305370657,0.3842139785,0.4705166305,0.5600535606,0.6472257167,0.7256379067,0.7889744055,0.8320009838,0.8514436211,0.8465013058,0.81885557,0.7722015411,0.7114694992,0.641970289,0.5686690195,0.4957031737,3.09301845
Numbers and Operations,0.513,0.513,0.9982,0.4732,0.21207,0.2237445916,0.2258659351,0.2283646481,0.2313046821,0.2347595864,0.2388134656,0.2435618322,0.249112255,0.2555846625,0.2631111222,0.2718348722,0.28190834,0.2934898565,0.3067387731,0.3218087319,0.3388389542,0.3579436093,0.3791996231,0.40263367,0.4282095242,0.4558173378,0.4852666599,0.516284967,0.548523055,0.5815678205,0.6149618457,0.6482280189,0.6808964732,0.712530667,0.7427496003,0.7712439123,0.7977847123,0.8222251795,0.8444959449,0.864595881,0.8825801354,0.8985471182,0.9126258113,0.9249643448,0.9357203667,0.9450533985,0.0021933194,0.0030257576,0.0041614015,0.0057030377,0.007783844,0.0105738723,0.0142865203,0.0191840881,0.0255810381,0.0338430602,0.0443795711,0.057627022,0.0740205612,0.0939524556,0.1177173961,0.1454474606,0.1770428615,0.2121081447,0.2499063375,0.2893445986,0.3290031268,0.3672138207,0.4021866603,0.4321714232,0.4556326876,0.4714101762,0.4788368569,0.4777945329,0.4686992557,0.4524231517,0.4301709884,0.4033359606,0.3733588788,0.3416094762,0.3093004841,0.2774370919,0.2467982447,0.2179426821,0.1912314989,0.1668596329,0.1448902518,2.7793349618
Numbers and Operations,0.412,0.44,1.0117,0.9673,0.21105,0.2158126946,0.2167001504,0.217751557,0.2189966294,0.2204702362,0.2222131999,0.2242731822,0.2267056482,0.2295748921,0.2329550925,0.2369313516,0.241600642,0.2470725582,0.253469729,0.2609277017,0.2695940612,0.2796265007,0.2911895245,0.3044494605,0.3195674971,0.336690578,0.3559401951,0.377399442,0.401099111,0.4270040953,0.4550018036,0.4848945717,0.5163980259,0.5491468844,0.5827087733,0.616605391,0.6503390383,0.6834214958,0.7154017481,0.745889294,0.7745706534,0.8012179403,0.8256896723,0.8479250381,0.8679334666,0.8857815137,0.0003917516,0.000548468,0.0007668269,0.0010703945,0.001491313,0.0020731494,0.0028745237,0.0039736269,0.0054736861,0.0075093309,0.0102536257,0.013925251,0.0187949076,0.0251895019,0.0334920769,0.0441348998,0.0575827654,0.0743036898,0.0947250179,0.1191748089,0.1478112645,0.180546733,0.2169768633,0.2563288098,0.2974437475,0.3388070909,0.3786339526,0.4150077459,0.4460580345,0.4701527201,0.4860730245,0.4931403439,0.4912727013,0.4809631129,0.4631884066,0.4392700232,0.4107146801,0.3790617139,0.3457571654,0.3120653024,0.2790193064,2.5347325685
Numbers and Operations,0.473,0.377,1.0094,1.1191,0.27687,0.2802792713,0.2809139194,0.2816659224,0.2825566611,0.2836112827,0.2848593116,0.286335338,0.288079786,0.2901397554,0.2925699274,0.2954335133,0.298803209,0.3027621018,0.3074044487,0.3128362132,0.3191752118,0.3265506764,0.3351019955,0.3449763617,0.3563250297,0.3692979052,0.3840362546,0.4006634649,0.4192740296,0.4399212668,0.4626046919,0.4872583957,0.5137421177,0.5418368369,0.5712464832,0.6016067556,0.6325010404,0.6634822404,0.6940982218,0.7239178727,0.7525546366,0.779684898,0.8050595805,0.8285085085,0.8499381738,0.8693243262,0.0001680691,0.0002357243,0.0003303149,0.0004623687,0.000646401,0.0009023426,0.0012574282,0.001748658,0.0024259572,0.0033561457,0.0046277965,0.0063569779,0.0086937224,0.0118288194,0.0160001612,0.0214973852,0.0286629587,0.0378872468,0.0495946331,0.0642177027,0.0821571443,0.1037267369,0.1290856996,0.1581646879,0.190596168,0.2256636362,0.2622856171,0.2990481042,0.3342922966,0.3662537385,0.3932365172,0.4137956068,0.4268954948,0.4320162758,0.4291891596,0.4189587064,0.4022843196,0.3804041255,0.3546879556,0.3265029857,0.2971080034,1.8807799098
Numbers and Operations,0.491,0.527,0.8669,-0.1879,0.19776,0.2496896504,0.2573236151,0.2659777845,0.2757572896,0.2867687522,0.2991172246,0.3129022749,0.3282131991,0.3451234218,0.3636842565,0.383918329,0.4058131133,0.4293151603,0.4543257019,0.4806983325,0.5082393931,0.5367114895,0.5658402648,0.5953241655,0.6248465424,0.6540890947,0.6827454622,0.7105337501,0.7372069319,0.762560381,0.7864361742,0.8087242009,0.829360443,0.8483230152,0.8656266609,0.8813163965,0.8954609153,0.9081462344,0.91946992,0.9295360958,0.9384513169,0.9463213092,0.9532485126,0.9593303333,0.9646579918,0.9693158553,0.0273494448,0.0345588584,0.0433447379,0.0539254122,0.0665030067,0.0812438891,0.0982554664,0.1175607132,0.1390726529,0.1625718125,0.187690247,0.2139058906,0.2405505524,0.2668337194,0.2918824621,0.3147953395,0.3347056558,0.3508472533,0.3626148151,0.3696108201,0.3716729755,0.3688788722,0.3615281448,0.3501057713,0.335232589,0.3176102049,0.2979671816,0.2770119915,0.2553962386,0.2336895727,0.2123659562,0.1917997178,0.1722691748,0.1539654495,0.1370043009,0.121439185,0.1072742206,0.0944761847,0.082985037,0.0727227642,0.0636005349,1.5940411455
Numbers and Operations,0.573,0.503,1.0618,-0.2493,0.32125,0.3488650332,0.3540642541,0.3601838272,0.3673631743,0.3757536085,0.3855156238,0.3968144426,0.4098134494,0.42466523,0.4415001457,0.460412722,0.48144662,0.5045795508,0.529710074,0.5566486306,0.5851151818,0.6147453019,0.6451054486,0.6757165769,0.7060836171,0.7357270868,0.7642126265,0.791174716,0.816332072,0.8394938669,0.860557476,0.8794995862,0.8963630376,0.9112417493,0.9242656793,0.9355871866,0.9453695724,0.953778084,0.9609733166,0.9671067344,0.9723179377,0.9767332841,0.9804655039,0.9836140035,0.9862656121,0.9884955857,0.0100677809,0.0138950895,0.0190464587,0.025902276,0.0349086002,0.0465645442,0.0613942176,0.0798989712,0.1024877505,0.1293875458,0.1605422169,0.1955154422,0.2334201111,0.2728991975,0.3121790921,0.349204145,0.3818423309,0.4081314648,0.4265203902,0.43605644,0.4364816598,0.4282225634,0.4122838244,0.3900766075,0.3632214489,0.3333629068,0.3020221246,0.2704993348,0.2398258773,0.2107570722,0.1837937132,0.1592200017,0.1371479343,0.1175611205,0.1003538431,0.085363419,0.0723954683,0.0612426198,0.0516976306,0.0435620331,0.0366513719,1.5402610289
Numbers and Operations,0.311,0.265,1.9893,1.4784,0.24414,0.2441458821,0.2441482491,0.2441515685,0.2441562237,0.244162752,0.2441719072,0.2441847461,0.2442027507,0.244227999,0.2442634046,0.2443130521,0.2443826669,0.2444802736,0.2446171155,0.2448089398,0.2450777913,0.2454545081,0.2459821852,0.2467209607,0.2477545888,0.2491993858,0.2512162542,0.2540265377,0.2579323472,0.2633414812,0.2707957875,0.2809991719,0.294836703,0.313368884,0.3377759522,0.3692203749,0.4086018919,0.4562139225,0.5113811117,0.572240339,0.6358484102,0.698684327,0.7573930699,0.8094580304,0.8535379882,0.8894152689,2.144347E-09,4.2172996E-09,8.2941234E-09,1.6311799E-08,3.2079431E-08,6.3087346E-08,1.2406377E-07,2.4396615E-07,4.7972109E-07,9.4321888E-07,1.8543269E-06,3.6449385E-06,7.1630195E-06,1.40723E-05,2.76338E-05,5.42311E-05,0.0001063355,0.0002082486,0.000407146,0.0007941328,0.0015438701,0.0029878104,0.0057460613,0.0109559885,0.0206468554,0.038302561,0.0695909893,0.1230566531,0.2102227842,0.344111349,0.5350666208,0.7836960081,1.0731776035,1.3660595155,1.6109135287,1.7591056598,1.7837365758,1.6892055501,1.5059810308,1.2756798209,1.03637789,1.3203509574
Numbers and Operations,0.43,0.35,0.6431,0.5481,0.2404,0.2845203114,0.289289654,0.2945355468,0.3002968886,0.3066138286,0.313527349,0.321078733,0.3293089051,0.3382576373,0.3479626148,0.3584583655,0.3697750619,0.3819372152,0.3949622952,0.4088593163,0.4236274506,0.4392547332,0.4557169403,0.4729767224,0.4909830762,0.509671231,0.52896301,0.5487677044,0.568983467,0.5894991994,0.6101968707,0.6309541699,0.6516473712,0.6721542695,0.6923570401,0.7121448816,0.7314163198,0.7500810784,0.7680614537,0.7852931701,0.8017257234,0.8173222506,0.8320589887,0.8459243967,0.8589180263,0.8710492228,0.0101414521,0.0121655749,0.0145425795,0.0173185079,0.0205409162,0.0242575224,0.028514449,0.033354049,0.0388123332,0.0449160531,0.0516795391,0.0591014424,0.0671615767,0.0758180991,0.0850052976,0.0946322673,0.1045827374,0.11471627,0.1248709728,0.1348677603,0.1445160691,0.1536207928,0.1619900649,0.1694434052,0.1758196729,0.1809842498,0.1848349179,0.1873059992,0.1883704719,0.1880399614,0.1863626879,0.1834196249,0.179319254,0.1741913854,0.1681805395,0.1614393568,0.154122442,0.1463809477,0.1383581005,0.1301857667,0.1219820617,1.1158982881
Numbers and Operations,0.822,0.603,0.9904,-0.8364,0.0623,0.1781719116,0.1963813812,0.2169141255,0.2398963015,0.2654085604,0.2934711199,0.3240295084,0.3569428079,0.3919764568,0.4288015685,0.4670021873,0.5060909287,0.5455321805,0.5847707296,0.6232626659,0.6605049677,0.6960604346,0.7295755151,0.7607898398,0.7895375844,0.8157418585,0.8394039788,0.8605896947,0.8794142845,0.8960280516,0.9106032731,0.923323191,0.9343732561,0.9439345641,0.9521792501,0.9592675314,0.9653460601,0.9705472722,0.9749894547,0.9787773042,0.9820027956,0.984746226,0.9870773336,0.9890564238,0.9907354552,0.9921590587,0.1996592148,0.2371799123,0.2782346197,0.3221872884,0.3681108909,0.4147849378,0.4607229316,0.5042360912,0.5435350501,0.5768642035,0.602655174,0.6196786954,0.6271706591,0.6249100917,0.6132347234,0.5929917347,0.5654338571,0.5320805861,0.4945684164,0.4545123072,0.4133945066,0.372488867,0.3328212573,0.2951611737,0.2600367195,0.2277644663,0.1984866305,0.1722097229,0.1488407346,0.1282186215,0.1101401607,0.0943801509,0.080706462,0.0688906976,0.0587153106,0.04997797,0.0424938786,0.0360966235,0.0306380191,0.0259872957,0.022029895,0.9856603365
Numbers and Operations,0.635,0.487,0.622,-0.8325,0.16032,0.3495866735,0.3655369938,0.3823726027,0.4000674669,0.4185827722,0.4378664672,0.4578531889,0.4784646199,0.4996103113,0.5211889753,0.5430902275,0.5651967236,0.5873866101,0.6095361835,0.631522636,0.653226759,0.6745354798,0.6953441183,0.7155582745,0.735095282,0.7538851953,0.7718713073,0.7890102201,0.8052715156,0.8206370856,0.8351001937,0.8486643426,0.8613420166,0.873153367,0.884124895,0.8942881782,0.9036786762,0.9123346393,0.9202961344,0.9276041976,0.9343001112,0.940424803,0.946018359,0.9511196394,0.9557659876,0.9599930186,0.1056899895,0.1159184608,0.1262997571,0.1366873191,0.1469200803,0.1568267734,0.1662311817,0.1749581215,0.1828398554,0.1897225739,0.1954725388,0.1999814837,0.2031709001,0.2049949135,0.2054415621,0.2045324175,0.202320617,0.1988875032,0.1943381581,0.1887961868,0.1823981265,0.1752878469,0.167611261,0.1595116016,0.1511254393,0.1425795397,0.1339885852,0.1254537237,0.1170618668,0.1088856247,0.100983757,0.093402012,0.0861742364,0.0793236501,0.0728641969,0.0668019023,0.0611361815,0.0558610641,0.0509663076,0.0464383894,0.0422613717,0.7289530971
Numbers and Operations,0.43,0.384,0.3916,-0.1542,0.03462,0.2531349049,0.2645960536,0.2764636858,0.2887321183,0.3013934434,0.314437444,0.3278515311,0.3416207073,0.3557275576,0.370152272,0.3848726996,0.3998644374,0.4151009527,0.4305537388,0.4461925042,0.4619853919,0.4778992256,0.49389978,0.5099520705,0.5260206563,0.5420699528,0.5580645455,0.5739695024,0.5897506755,0.6053749895,0.6208107099,0.6360276877,0.6509975755,0.6656940142,0.6800927863,0.6941719351,0.7079118506,0.7212953211,0.7343075524,0.7469361572,0.7591711155,0.7710047106,0.7824314421,0.7934479209,0.8040527483,0.8142463831,0.0670218329,0.069931343,0.0728208571,0.075675081,0.0784780289,0.0812131663,0.0838635754,0.0864121415,0.0888417573,0.0911355426,0.0932770751,0.095250627,0.0970414026,0.098635771,0.100021487,0.1011878959,0.1021261143,0.1028291831,0.1032921872,0.1035123388,0.1034890212,0.1032237923,0.102720347,0.1019844413,0.1010237781,0.0998478609,0.0984678187,0.0968962063,0.0951467891,0.0932343139,0.0911742761,0.088982686,0.0866758409,0.0842701081,0.0817817213,0.0792265961,0.0766201651,0.0739772344,0.0713118642,0.0686372713,0.0659657548,0.574767265
Numbers and Operations,0.533,0.402,0.4478,-0.6854,0.093,0.3367946255,0.350602477,0.3648717811,0.3795826862,0.3947114608,0.4102305223,0.4261085328,0.4423105663,0.4587983465,0.4755305556,0.4924632087,0.5095500898,0.5267432383,0.5439934776,0.5612509735,0.5784658079,0.5955885548,0.6125708445,0.6293659021,0.6459290474,0.6622181467,0.6781940057,0.6938206977,0.7090658223,0.7239006937,0.738300456,0.7522441317,0.7657146046,0.778698544,0.7911862773,0.8031716179,0.8146516572,0.8256265271,0.8360991439,0.8460749375,0.8555615747,0.8645686827,0.8731075769,0.8811909979,0.888832861,0.8960480212,0.0824595147,0.0865974996,0.0906481683,0.0945773297,0.0983503625,0.1019327852,0.1052908635,0.1083922379,0.1112065538,0.1137060731,0.1158662489,0.1176662404,0.1190893511,0.1201233733,0.1207608252,0.1209990733,0.1208403345,0.1202915604,0.1193642076,0.1180739062,0.1164400401,0.114485255,0.1122349155,0.1097165286,0.1069591562,0.1039928328,0.1008480075,0.0975550228,0.0941436428,0.0906426393,0.0870794402,0.0834798431,0.0798677949,0.0762652329,0.0726919857,0.0691657267,0.0657019746,0.0623141336,0.0590135679,0.0558097012,0.0527101369,0.5742615854
Numbers and Operations,0.65,0.558,0.7023,-1.3212,0.08694,0.3679959323,0.3917394243,0.4164429876,0.4419800676,0.4682032395,0.4949470925,0.5220320793,0.5492691636,0.5764650201,0.6034274897,0.6299709646,0.6559213875,0.681120585,0.7054297224,0.7287317454,0.7509327638,0.7719624095,0.7917732736,0.8103395706,0.8276552115,0.8437314692,0.8585944169,0.8722822948,0.8848429341,0.8963313386,0.9068074892,0.9163344131,0.924976535,0.93279831,0.9398631228,0.9462324335,0.9519651397,0.9571171269,0.9617409766,0.965885805,0.9695972051,0.9729172707,0.975884682,0.978534836,0.9809000088,0.9830095376,0.2319633013,0.2466479927,0.2601377411,0.2721188807,0.2823046639,0.2904493682,0.2963608454,0.2999104128,0.3010391824,0.2997602492,0.2961565704,0.2903747968,0.2826157138,0.2731222346,0.26216605,0.250034049,0.237015507,0.2233908302,0.2094223788,0.1953476275,0.1813746762,0.167679937,0.1544076937,0.141671157,0.1295546268,0.118116388,0.1073920145,0.0973978164,0.0881342266,0.0795889824,0.071740011,0.0645579688,0.0580084187,0.0520536504,0.0466541684,0.0417698782,0.0373610084,0.0333888052,0.0298160372,0.026607344,0.0237294574,0.5623694389
Numbers and Operations,0.267,0.214,2.6232,1.5775,0.22156,0.2215600917,0.2215601432,0.2215602237,0.2215603494,0.2215605457,0.2215608524,0.2215613315,0.2215620798,0.2215632486,0.2215650742,0.2215679258,0.2215723799,0.2215793371,0.2215902038,0.2216071768,0.221633687,0.2216750919,0.2217397569,0.2218407412,0.2219984248,0.2222445964,0.2226288012,0.2232281646,0.2241625142,0.2256174653,0.2278791905,0.2313856571,0.2367994302,0.2451047278,0.2577218444,0.2766071724,0.304256461,0.3434534077,0.3965561386,0.4642418524,0.5441136804,0.6302216333,0.7144630925,0.7894030425,0.8506348772,0.8972837578,9.692298E-13,2.364724E-12,5.769444E-12,1.407626E-11,3.434318E-11,8.37902E-11,2.044303E-10,4.987656E-10,1.2168753E-09,2.9688843E-09,7.2433049E-09,1.7671541E-08,4.3112479E-08,1.0517617E-07,2.5657217E-07,6.258454E-07,1.5264075E-06,3.7221118E-06,9.0735336E-06,2.21084E-05,5.38292E-05,0.0001309115,0.0003178038,0.0007693622,0.0018545106,0.0044405866,0.0105252424,0.0245658809,0.0560349792,0.1236099543,0.2600864005,0.5132394989,0.9321697603,1.5294172332,2.2306731896,2.8609335393,3.2159758363,3.1867088729,2.8232332867,2.2805917509,1.7154755971,0.4792630439
Numbers and Operations,0.697,0.578,0.7593,-1.5954,0.06212,0.4113232695,0.44004921,0.4695028909,0.4994592039,0.5296768651,0.559906017,0.589896423,0.6194056869,0.6482069319,0.6760954348,0.7028938285,0.728455641,0.7526671034,0.7754473103,0.7967469394,0.8165458167,0.8348496532,0.851686277,0.8671016576,0.8811559656,0.8939198586,0.9054711209,0.9158917325,0.9252654007,0.9336755501,0.9412037447,0.9479284993,0.9539244306,0.9592616945,0.9640056584,0.9682167602,0.9719505132,0.975257619,0.978184158,0.9807718337,0.98305825,0.9850772056,0.9868589945,0.9884307038,0.9898165013,0.9910379108,0.330582824,0.3442703558,0.3552060999,0.3630833824,0.3676921064,0.3689315319,0.3668156517,0.3614705977,0.3531244392,0.3420906067,0.3287468245,0.3135117732,0.2968217065,0.2791089505,0.2607837245,0.2422201326,0.2237466125,0.2056406472,0.1881272079,0.1713801978,0.1555261001,0.1406490654,0.1267967683,0.1139864957,0.1022110639,0.0914442943,0.0816458835,0.0727655948,0.0647467588,0.0575291167,0.0510510662,0.0452513827,0.0400704945,0.035451387,0.0313402077,0.0276866322,0.0244440469,0.0215695919,0.0190241023,0.0167719768,0.0147809981,0.4191827143
Numbers and Operations,0.696,0.443,0.5018,-1.8733,0.03878,0.4934459736,0.5139240999,0.5344220946,0.5548654942,0.5751806258,0.5952956616,0.6151416172,0.6346532653,0.6537699397,0.6724362109,0.690602419,0.7082250585,0.7252670137,0.7416976491,0.7574927652,0.7726344334,0.7871107267,0.8009153639,0.8140472863,0.8265101864,0.838312005,0.8494644144,0.8599822998,0.8698832535,0.8791870886,0.8879153831,0.8960910566,0.9037379854,0.9108806567,0.9175438631,0.9237524367,0.9295310203,0.9349038755,0.9398947233,0.9445266153,0.9488218324,0.9528018079,0.9564870714,0.9598972122,0.9630508581,0.9659656676,0.1672015889,0.1682383954,0.1686217745,0.1683511854,0.1674356562,0.1658934561,0.1637514951,0.16104448,0.1578138726,0.1541066986,0.1499742631,0.1454708287,0.1406523084,0.1355750218,0.1302945524,0.1248647379,0.1193368129,0.1137587154,0.1081745596,0.1026242692,0.0971433614,0.091762865,0.0865093546,0.0814050826,0.076468187,0.0717129583,0.0671501468,0.0627872939,0.0586290769,0.0546776523,0.0509329923,0.0473932055,0.0440548372,0.0409131475,0.0379623628,0.0351959025,0.0326065791,0.0301867736,0.0279285868,0.0258239686,0.0238648273,0.3658901205
Numbers and Operations,0.736,0.63,0.941,-1.6575,0.09762,0.4282197368,0.4623896738,0.4976206425,0.5334955318,0.5695653374,0.6053712309,0.6404676665,0.674444088,0.7069430497,0.7376731783,0.7664162253,0.7930283065,0.8174361164,0.8396293475,0.8596507117,0.8775848933,0.8935475377,0.907675078,0.9201158973,0.9310230588,0.9405486301,0.9488394927,0.9560344489,0.9622624022,0.9676413889,0.9722782552,0.9762687998,0.979698239,0.9826418743,0.9851658777,0.9873281267,0.9891790449,0.9907624156,0.9921161491,0.9932729923,0.9942611742,0.9951049878,0.9958253082,0.996440051,0.996964576,0.9974120397,0.4586821139,0.4862294315,0.5076905677,0.5221488433,0.5290435262,0.5282180687,0.519925374,0.5047899838,0.4837345745,0.457883654,0.4284596483,0.3966855037,0.3637043491,0.3305219888,0.2979733721,0.266710618,0.237208053,0.2097789727,0.1845991198,0.161732758,0.141158339,0.122791846,0.1065067999,0.0921505883,0.0795572226,0.0685568897,0.0589827818,0.0506757189,0.0434870441,0.0372802172,0.0319314577,0.0273297227,0.0233762392,0.0199837574,0.0170756474,0.0145849262,0.012453275,0.0106300869,0.0090715694,0.0077399151,0.0066025488,0.2909141094
Numbers and Operations,0.782,0.682,1.204,-1.9075,0.03302,0.470880665,0.520225995,0.5694940271,0.617672955,0.6638386464,0.707221413,0.7472487249,0.7835604832,0.8159994273,0.8445833209,0.8694670745,0.8909022759,0.9091996452,0.9246976295,0.937738358,0.9486507699,0.9577399343,0.9652812584,0.9715182802,0.9766629048,0.9808971759,0.9843759033,0.9872296704,0.989567908,0.9914818379,0.9930471799,0.9943265692,0.9953716728,0.9962250138,0.9969215246,0.9974898592,0.9979534932,0.9983316401,0.9986400127,0.9988914525,0.9990964486,0.9992635651,0.9993997917,0.9995108317,0.9996013375,0.9996751036,0.9652773459,0.9808608187,0.9748210194,0.9480040829,0.902883615,0.8431419564,0.7731081892,0.6971877551,0.6193947198,0.5430470027,0.4706318769,0.4038113191,0.3435200442,0.290109614,0.2435023574,0.2033320344,0.169059853,0.1400628149,0.1156963535,0.0953355637,0.0783999344,0.0643661384,0.0527726628,0.043219201,0.0353629317,0.0289131655,0.0236253372,0.019294959,0.0157518973,0.0128551613,0.0104882826,0.0085552976,0.0069773011,0.0056895232,0.0046388694,0.0037818641,0.0030829397,0.0025130197,0.0020483479,0.0016695245,0.0013607131,0.1109288029
